Metric;mean;std;median;count
Arousal_BL;0.153797431;1.398048123;0.032949134;48
Valence_BL;0.509511863;8.024909756;1.382641687;48
