Metric;mean;std;median;count
Arousal_BL;0.060166024;0.310089276;-0.015332957;29
Valence_BL;1.452821662;2.440677617;0.798010772;29
