Metric;mean;std;median;count
Arousal_BL;0.446719905;2.254652716;-0.057488741;45
Valence_BL;-0.817083387;0.681516916;-0.799433648;45
