Metric;mean;std;median;count
Arousal_BL;-0.140368316;2.153346318;0.081730205;50
Valence_BL;-0.321576482;0.793051889;-0.222774028;50
