Metric;mean;std;median;count
Arousal_BL;-4.284561909;35.03635058;1.146501709;48
Valence_BL;0.269345478;0.594020464;0.306143616;48
