Metric;mean;std;median;count
Arousal_BL;-3.293990972;29.73532801;-0.175095569;44
Valence_BL;0.06398948;0.426365473;0.036983074;44
