Metric;mean;std;median;count
Arousal_BL;-2.74231177;11.73210527;-0.759871771;48
Valence_BL;0.096959648;0.447829835;0.030090132;48
