Metric;mean;std;median;count
Arousal_BL;0.11858672;1.819976359;0.220551765;47
Valence_BL;0.115610058;0.688453911;0.034153047;47
