Metric;mean;std;median;count
Arousal_BL;0.093342034;1.314662697;-0.075172767;37
Valence_BL;-0.218197396;0.420664164;-0.22654339;37
