Metric;mean;std;median;count
Arousal_BL;-6.685956153;27.4542181;-0.755953541;46
Valence_BL;0.730079471;0.72075392;0.60941245;46
