Metric;mean;std;median;count
Arousal_BL;1.496503158;3.024351428;0.897221808;47
Valence_BL;0.19466423;0.42523524;0.127338307;47
