Metric;mean;std;median;count
Arousal_BL;229.6623635;1576.945042;2.478917705;48
Valence_BL;0.371368776;0.80702073;0.375194871;48
