Metric;mean;std;median;count
Arousal_BL;0.277938779;3.680558256;0.110184828;45
Valence_BL;-0.303444036;0.487843668;-0.233764253;45
