Condition,Metric,Mean,Std,t_stat,p_value,Direction_vs_Baseline
Empty,Arousal_BL,0.17969595439604885,3.4185445834708252,0.45522665469018697,0.6502790400202993,Increase
Empty,Valence_BL,0.47234988140108963,0.5814796770197121,7.034931966402035,8.460689803057856e-10,Increase
