Metric;mean;std;median;count
Arousal_BL;-19.26090482;171.0791664;0.581774246;47
Valence_BL;-0.083670969;0.370789556;-0.112837075;47
