Metric;mean;std;median;count
Arousal_BL;-1.848114525;5.524254375;-0.690652289;48
Valence_BL;0.052811168;0.868887174;0.094446467;48
