Metric;mean;std;median;count
Arousal_BL;4.826289358;15.96048079;2.265826154;47
Valence_BL;-0.20139801;0.612669907;-0.077814882;47
