Metric;mean;std;median;count
Arousal_BL;5.103249214;17.13729293;4.85810162;48
Valence_BL;0.363566204;1.451381005;0.189234352;48
