Metric;mean;std;median;count
Arousal_BL;1.012904685;7.544702292;0.338367915;48
Valence_BL;0.14864681;0.554072776;0.025875392;48
