Metric;mean;std;median;count
Arousal_BL;-0.6235819;3.277097739;0.096756691;47
Valence_BL;0.116122349;0.725061604;0.289196507;47
