Metric;mean;std;median;count
Arousal_BL;4.334235663;19.62065981;4.386140516;48
Valence_BL;-0.28307877;0.426344399;-0.24880876;48
