Metric;mean;std;median;count
Arousal_BL;-0.046616359;3.52783941;0.813576033;51
Valence_BL;0.146047941;0.85175573;0.305966254;51
