Metric;mean;std;median;count
Arousal_BL;1.596406709;2.707530981;1.312465962;47
Valence_BL;-0.017853871;0.473364013;0.002838087;47
