Metric;mean;std;median;count
Arousal_BL;0.179695954;3.418544583;-0.111587598;75
Valence_BL;0.472349881;0.581479677;0.445504374;75
