Metric;mean;std;median;count
Arousal_BL;0.083010517;26.61915066;-0.285706941;47
Valence_BL;0.053746521;1.454875402;0.126042932;47
