Metric;mean;std;median;count
Arousal_BL;0.219822522;2.702460856;0.077596162;47
Valence_BL;0.182196974;0.764790264;0.150282923;47
