Metric;mean;std;median;count
Arousal_BL;-0.29613012;0.836104468;-0.113032682;48
Valence_BL;0.751850506;2.208229445;0.645539945;48
