Metric;mean;std;median;count
Arousal_BL;0.232090377;0.60393414;0.265712991;47
Valence_BL;5.062682369;5.179788018;4.181709734;47
