Metric;mean;std;median;count
Arousal_BL;0.188955047;4.169103162;0.903654078;48
Valence_BL;-0.054811144;0.308106372;-0.130698034;48
