Metric;mean;std;median;count
Arousal_BL;-1.715511186;21.37507042;0.05017547;47
Valence_BL;-0.037713775;0.611086346;0.047154299;47
