Metric;mean;std;median;count
Arousal_BL;-0.003486353;0.232568257;0.027421663;48
Valence_BL;21.97118572;21.27788658;22.86199159;48
