Metric;mean;std;median;count
Arousal_BL;-0.811004514;4.328604508;-0.109142382;45
Valence_BL;0.015281694;0.999293787;0.045892233;45
