Metric;mean;std;median;count
Arousal_BL;0.570906749;2.894314906;0.13925029;46
Valence_BL;0.145005312;0.509788025;0.17346591;46
