Metric,mean,std,median,count
Arousal_BL,-0.3637283896062057,1.5134520365643478,-0.29799257425672393,49.0
Valence_BL,0.036614627665724694,0.837104724585,0.059957592210744634,49.0
