Metric;mean;std;median;count
Arousal_BL;-37.83637738;238.2410216;-1.420771678;47
Valence_BL;0.783897394;1.002045705;0.546848916;47
