Metric;mean;std;median;count
Arousal_BL;-0.144133018;1.91559462;0.049678376;47
Valence_BL;1.379443412;1.969065488;0.805476611;47
