Metric;mean;std;median;count
Arousal_BL;1.27783429;3.300943622;1.002547103;46
Valence_BL;-1.32822003;1.030535983;-1.413019189;46
