Metric;mean;std;median;count
Arousal_BL;-28.10226631;203.7401041;0.329365282;47
Valence_BL;0.165329479;0.634120714;0.096798273;47
