Metric;mean;std;median;count
Arousal_BL;-6.505387543;23.46087495;-1.329809242;47
Valence_BL;-3.771898408;3.682338651;-4.035372699;47
