Metric;mean;std;median;count
Arousal_BL;2.527536206;5.208867588;0.672939813;46
Valence_BL;0.092972839;0.531229577;0.055988563;46
