Metric;mean;std;median;count
Arousal_BL;1.745367528;10.23434849;0.677578258;46
Valence_BL;0.3223677;0.261162293;0.311579956;46
